field_id,field_name,value,meaning,notes,category_name,item_count
31,Sex,0,Female,"Sex of participant. <p>Acquired from central registry at recruitment, but in some cases updated by the participant. Hence this field may contain a mixture of the sex the NHS had recorded for the participant and self-reported sex.",Baseline characteristics,502492
52,Month of birth,1,January,"Calendar month of birth of participant.<p>Acquired from central registry, updated by participant.",Baseline characteristics,502492
54,UK Biobank assessment centre,10003,Stockport (pilot),The UK Biobank assessment centre at which participant consented.<p>Automatically acquired at participant consent,Reception,575041
55,Month of attending assessment centre,1,January,Calendar month that participant attended a UK Biobank assessment centre.<p>Automatically acquired at Reception stage.,Reception,575046
190,Reason lost to follow-up,1,Death reported to UK Biobank by a relative,Indicates the reason that a person is believed to be lost to follow-up. <p> If there are multiple reasons that a person is lost to follow-up then only the earliest of them is listed. <br> <br> Please note this data-field has not been updated since May 2017. We are hoping to update this data-field to include more recent information in the next year.,Ongoing characteristics,1298
1558,Alcohol intake frequency.,-3,Prefer not to answer,"ACE touchscreen question ""About how often do you drink alcohol?""<p>If the participant activated the Help button they were shown the message:<br><table><tr><td><i>If this varies a lot, please provide an average considering your intake<br>over the last year<br></i></td></tr></table>",Alcohol,573772
2335,Chest pain or discomfort,-3,Prefer not to answer,"ACE touchscreen question ""Do you ever have any pain or discomfort in your chest?""",Chest pain,573746
2443,Diabetes diagnosed by doctor,-3,Prefer not to answer,"ACE touchscreen question ""Has a doctor ever told you that you have diabetes?""<p>If the participant activated the Help button they were shown the message:<br><table><tr><td><i>If you are unsure if you have been told you had diabetes,<br>select Do not know and you will be asked about this by an<br>interviewer later during this visit.<br></i></td></tr></table>",Medical conditions,573738
2453,Cancer diagnosed by doctor,-3,Prefer not to answer,"ACE touchscreen question ""Has a doctor ever told you that you have had cancer?""<p>If the participant activated the Help button they were shown the message:<br><table><tr><td><i>If you are unsure if you have been told you had cancer, select<br>Do not know and you will be asked about this by an interviewer<br>later during this visit.<br></i></td></tr></table>",Medical conditions,573738
2463,Fractured/broken bones in last 5 years,-3,Prefer not to answer,"ACE touchscreen question ""Have you fractured/broken any bones in the last 5 years?""",Medical conditions,573738
2473,Other serious medical condition/disability diagnosed by doctor,-3,Prefer not to answer,"ACE touchscreen question ""Has a doctor ever told you that you have had any other serious medical conditions or disabilities?""<p>If the participant activated the Help button they were shown the message:<br><table><tr><td><i>If you are not sure if you have a serious illness<br>or you are not sure that you have had one of the<br>conditions listed previously, enter Do not know<br>and you will be asked about this by an interviewer<br>later in this visit.<br></i></td></tr></table>",Medical conditions,573738
2492,Taking other prescription medications,-3,Prefer not to answer,"ACE touchscreen question ""Do you regularly take any other PRESCRIPTION medications? (Do not forget medications such as puffers or patches)""",Medication,573738
2724,Had menopause,-3,Prefer not to answer,"ACE touchscreen question ""Have you had your menopause (periods stopped)?""",Female-specific factors,310011
2774,"Ever had stillbirth, spontaneous miscarriage or termination",-3,Prefer not to answer,"ACE touchscreen question ""Have you ever had any stillbirths, spontaneous miscarriages or terminations?""",Female-specific factors,310008
2784,Ever taken oral contraceptive pill,-3,Prefer not to answer,"ACE touchscreen question ""Have you ever taken the contraceptive pill? (include the 'mini-pill')""",Female-specific factors,310008
2814,Ever used hormone-replacement therapy (HRT),-3,Prefer not to answer,"ACE touchscreen question ""Have you ever used hormone replacement therapy (HRT)?""",Female-specific factors,310008
2834,Bilateral oophorectomy (both ovaries removed),-5,Not sure,"ACE touchscreen question ""Have you had BOTH ovaries removed?""<p>If the participant activated the Help button they were shown the message:<br><table><tr><td><i>Only enter Yes if you have had both ovaries removed.<br>If you have only had one ovary removed you will be able<br>to let the interviewer know later in the visit.<br>If you are unsure of whether both ovaries have been<br>removed, select Do not know.<br></i></td></tr></table>",Female-specific factors,310008
2844,Had other major operations,-3,Prefer not to answer,"ACE touchscreen question ""Have you had any other major operations? (for example, operations that required an overnight stay in hospital)""<p>If the participant activated the Help button they were shown the message:<br><table><tr><td><i>If you are unsure if you have had a 'major' operation<br>select Do not know and you will be asked about this by<br>an interviewer later during this visit.<br></i></td></tr></table> <br> The <i>other</i> refers to operations other than hysterectomy and bilateral oophorectomy.",Operations,310008
2986,Started insulin within one year diagnosis of diabetes,-3,Prefer not to answer,"ACE touchscreen question ""Did you start insulin within one year of your diagnosis of diabetes?""<p>~F2986~ was collected from men who indicated that a doctor had told them they have diabetes, as defined by their answers to ~F2443~ and all women except those who indicated they had diabetes only during pregnancy, as defined by their answers to ~F2443~",Medical conditions,29238
4041,Gestational diabetes only,-3,Prefer not to answer,"ACE touchscreen question ""Did you only have diabetes during pregnancy?""<p>~F4041~ was collected from women who indicated that a doctor had told them they had diabetes, as defined by their answers to ~F2443~",Medical conditions,11744
20001,"Cancer code, self-reported",-1,ear/nose/throat cancer,"Code for cancer. If the participant was uncertain of the type of cancer they had had, then they described it to the interviewer (a trained nurse) who attempted to place it within the coding tree. If the cancer could not be located in the coding tree then the interviewer entered a free-text description of it. These free-text descriptions were subsequently examined by a doctor and, where possible, matched to entries in the coding tree. Free-text descriptions which could not be matched with very high probability have been marked as ""unclassifiable"".",Medical conditions,53383
20002,"Non-cancer illness code, self-reported",-1,cardiovascular,"Code for non-cancer illness. If the participant was uncertain of the type of illness they had had, then they described it to the interviewer (a trained nurse) who attempted to place it within the coding tree. If the illness could not be located in the coding tree then the interviewer entered a free-text description of it. These free-text descriptions were subsequently examined by a doctor and, where possible, matched to entries in the coding tree. Free-text descriptions which could not be matched with very high probability have been marked as ""unclassifiable"". <p> Note that myasthenia gravis appears twice (under codes 1260 and 1437). Please ensure you use both codes to capture all relevant diagnoses.",Medical conditions,1127398
20003,Treatment/medication code,1185,vitamin e product [ctsu],Code for treatment<p>Negative codes indicate free-text entry.,Medications,1381116
20004,Operation code,-1,cardiovascular,"Code for operation. If the participant was uncertain of the type of operation they had undergone, then they described it to the interviewer (a trained nurse) who attempted to place it within the coding tree. If the operation could not be located in the coding tree then the interviewer entered a free-text description of it. These free-text descriptions were subsequently examined by a doctor and, where possible, matched to entries in the coding tree. Free-text descriptions which could not be matched with very high probability have been marked as ""unclassifiable"".",Operations,994318
30004,White blood cell (leukocyte) count acquisition route,0,Direct,Route whereby data for White blood cell (leukocyte) count was transferred from analyser device to UK Biobank core LIMS database.,Blood count processing,503430
30014,Red blood cell (erythrocyte) count acquisition route,0,Direct,Route whereby data for Red blood cell (erythrocyte) count was transferred from analyser device to UK Biobank core LIMS database.,Blood count processing,503434
30024,Haemoglobin concentration acquisition route,0,Direct,Route whereby data for Haemoglobin concentration was transferred from analyser device to UK Biobank core LIMS database.,Blood count processing,503436
30034,Haematocrit percentage acquisition route,0,Direct,Route whereby data for Haematocrit percentage was transferred from analyser device to UK Biobank core LIMS database.,Blood count processing,503436
30044,Mean corpuscular volume acquisition route,0,Direct,Route whereby data for Mean corpuscular volume was transferred from analyser device to UK Biobank core LIMS database.,Blood count processing,503434
30054,Mean corpuscular haemoglobin acquisition route,0,Direct,Route whereby data for Mean corpuscular haemoglobin was transferred from analyser device to UK Biobank core LIMS database.,Blood count processing,503430
30064,Mean corpuscular haemoglobin concentration acquisition route,0,Direct,Route whereby data for Mean corpuscular haemoglobin concentration was transferred from analyser device to UK Biobank core LIMS database.,Blood count processing,503426
30074,Red blood cell (erythrocyte) distribution width acquisition route,0,Direct,Route whereby data for Red blood cell (erythrocyte) distribution width was transferred from analyser device to UK Biobank core LIMS database.,Blood count processing,503434
30084,Platelet count acquisition route,0,Direct,Route whereby data for Platelet count was transferred from analyser device to UK Biobank core LIMS database.,Blood count processing,503433
30094,Platelet crit acquisition route,0,Direct,Route whereby data for Platelet crit was transferred from analyser device to UK Biobank core LIMS database.,Blood count processing,497759
30104,Mean platelet (thrombocyte) volume acquisition route,0,Direct,Route whereby data for Mean platelet (thrombocyte) volume was transferred from analyser device to UK Biobank core LIMS database.,Blood count processing,503426
30114,Platelet distribution width acquisition route,0,Direct,Route whereby data for Platelet distribution width was transferred from analyser device to UK Biobank core LIMS database.,Blood count processing,497758
30124,Lymphocyte count acquisition route,0,Direct,Route whereby data for Lymphocyte count was transferred from analyser device to UK Biobank core LIMS database.,Blood count processing,502528
30134,Monocyte count acquisition route,0,Direct,Route whereby data for Monocyte count was transferred from analyser device to UK Biobank core LIMS database.,Blood count processing,502528
30144,Neutrophill count acquisition route,0,Direct,Route whereby data for Neutrophill count was transferred from analyser device to UK Biobank core LIMS database.,Blood count processing,502528
30154,Eosinophill count acquisition route,0,Direct,Route whereby data for Eosinophill count was transferred from analyser device to UK Biobank core LIMS database.,Blood count processing,502528
30164,Basophill count acquisition route,0,Direct,Route whereby data for Basophill count was transferred from analyser device to UK Biobank core LIMS database.,Blood count processing,502528
30174,Nucleated red blood cell count acquisition route,0,Direct,Route whereby data for Nucleated red blood cell count was transferred from analyser device to UK Biobank core LIMS database.,Blood count processing,496838
30184,Lymphocyte percentage acquisition route,0,Direct,Route whereby data for Lymphocyte percentage was transferred from analyser device to UK Biobank core LIMS database.,Blood count processing,502535
30194,Monocyte percentage acquisition route,0,Direct,Route whereby data for Monocyte percentage was transferred from analyser device to UK Biobank core LIMS database.,Blood count processing,502535
30204,Neutrophill percentage acquisition route,0,Direct,Route whereby data for Neutrophill percentage was transferred from analyser device to UK Biobank core LIMS database.,Blood count processing,502535
30214,Eosinophill percentage acquisition route,0,Direct,Route whereby data for Eosinophill percentage was transferred from analyser device to UK Biobank core LIMS database.,Blood count processing,502535
30224,Basophill percentage acquisition route,0,Direct,Route whereby data for Basophill percentage was transferred from analyser device to UK Biobank core LIMS database.,Blood count processing,502535
30234,Nucleated red blood cell percentage acquisition route,0,Direct,Route whereby data for Nucleated red blood cell percentage was transferred from analyser device to UK Biobank core LIMS database.,Blood count processing,496839
30244,Reticulocyte percentage acquisition route,0,Direct,Route whereby data for Reticulocyte percentage was transferred from analyser device to UK Biobank core LIMS database.,Blood count processing,494699
30254,Reticulocyte count acquisition route,0,Direct,Route whereby data for Reticulocyte count was transferred from analyser device to UK Biobank core LIMS database.,Blood count processing,494700
30264,Mean reticulocyte volume acquisition route,0,Direct,Route whereby data for Mean reticulocyte volume was transferred from analyser device to UK Biobank core LIMS database.,Blood count processing,494700
30274,Mean sphered cell volume acquisition route,0,Direct,Route whereby data for Mean sphered cell volume was transferred from analyser device to UK Biobank core LIMS database.,Blood count processing,489131
30284,Immature reticulocyte fraction acquisition route,0,Direct,Route whereby data for Immature reticulocyte fraction was transferred from analyser device to UK Biobank core LIMS database.,Blood count processing,489129
30294,High light scatter reticulocyte percentage acquisition route,0,Direct,Route whereby data for High light scatter reticulocyte percentage was transferred from analyser device to UK Biobank core LIMS database.,Blood count processing,489131
30304,High light scatter reticulocyte count acquisition route,0,Direct,Route whereby data for High light scatter reticulocyte count was transferred from analyser device to UK Biobank core LIMS database.,Blood count processing,489130
30503,Microalbumin in urine device ID,1269519,Analyser 1269659,Identifier for device used to measure Microalbumin in urine,Urine processing,503611
30505,Microalbumin in urine result flag,<6.7,Result below 6.7 mg/L,Flag returned by measurement device indicating why it could not return a numeric value for Microalbumin in urine,Urine assays,344210
30513,Creatinine (enzymatic) in urine device ID,1269519,Analyser 1269659,Identifier for device used to measure Creatinine (enzymatic) in urine,Urine processing,503636
30515,Creatinine (enzymatic) in urine result flag,<88,Result below 88 micro-moles/L,Flag returned by measurement device indicating why it could not return a numeric value for Creatinine (enzymatic) in urine,Urine assays,4
30523,Potassium in urine device ID,1269519,Analyser 1269659,Identifier for device used to measure Potassium in urine,Urine processing,503630
30525,Potassium in urine result flag,<2.0,Result below 2 millimole/L,Flag returned by measurement device indicating why it could not return a numeric value for Potassium in urine,Urine assays,1050
30533,Sodium in urine device ID,1269519,Analyser 1269659,Identifier for device used to measure Sodium in urine,Urine processing,503628
30535,Sodium in urine result flag,<10,Result below 10 millimole/L,Flag returned by measurement device indicating why it could not return a numeric value for Sodium in urine,Urine assays,1066
30602,Albumin aliquot,0,Manual,The aliquout used for the Albumin assay.,Blood biochemistry processing,491932
30603,Albumin correction level,0,None,The type of post-measurement correction applied to the Albumin assay result.,Blood biochemistry processing,445758
30604,Albumin correction reason,0,Normal for assay type,The reason for applying a correction to the Albumin assay result.,Blood biochemistry processing,445758
30605,Albumin missing reason,1,No data returned,The reason that a Albumin assay result is missing.,Blood biochemistry processing,65652
30606,Albumin reportability,1,Reportable at assay and after aliquot correction, "if attempted,The reportability of aAlbumin assay result. Absence of a value here means that a result has not been attempted.",Blood biochemistry processing,445774
30612,Alkaline phosphatase aliquot,0,Manual,The aliquout used for the Alkaline phosphatase assay.,Blood biochemistry processing,491965
30613,Alkaline phosphatase correction level,0,None,The type of post-measurement correction applied to the Alkaline phosphatase assay result.,Blood biochemistry processing,487460
30614,Alkaline phosphatase correction reason,0,Normal for assay type,The reason for applying a correction to the Alkaline phosphatase assay result.,Blood biochemistry processing,487460
30615,Alkaline phosphatase missing reason,1,No data returned,The reason that a Alkaline phosphatase assay result is missing.,Blood biochemistry processing,23950
30616,Alkaline phosphatase reportability,1,"Reportable at assay and after aliquot correction, if attempted","The reportability of aAlkaline phosphatase assay result. Absence of a value here means that a result has not been attempted.",Blood biochemistry processing,487509
30622,Alanine aminotransferase aliquot,0,Manual,The aliquout used for the Alanine aminotransferase assay.,Blood biochemistry processing,492055
30623,Alanine aminotransferase correction level,0,None,The type of post-measurement correction applied to the Alanine aminotransferase assay result.,Blood biochemistry processing,487253
30624,Alanine aminotransferase correction reason,0,Normal for assay type,The reason for applying a correction to the Alanine aminotransferase assay result.,Blood biochemistry processing,487253
30625,Alanine aminotransferase missing reason,1,No data returned,The reason that a Alanine aminotransferase assay result is missing.,Blood biochemistry processing,24157
30626,Alanine aminotransferase reportability,1,"Reportable at assay and after aliquot correction, if attempted","The reportability of aAlanine aminotransferase assay result. Absence of a value here means that a result has not been attempted.",Blood biochemistry processing,487320
30632,Apolipoprotein A aliquot,0,Manual,The aliquout used for the Apolipoprotein A assay.,Blood biochemistry processing,491268
30633,Apolipoprotein A correction level,0,None,The type of post-measurement correction applied to the Apolipoprotein A assay result.,Blood biochemistry processing,443067
30634,Apolipoprotein A correction reason,0,Normal for assay type,The reason for applying a correction to the Apolipoprotein A assay result.,Blood biochemistry processing,443067
30635,Apolipoprotein A missing reason,1,No data returned,The reason that a Apolipoprotein A assay result is missing.,Blood biochemistry processing,68343
30636,Apolipoprotein A reportability,1,"Reportable at assay and after aliquot correction, if attempted","The reportability of aApolipoprotein A assay result. Absence of a value here means that a result has not been attempted.",Blood biochemistry processing,444896
30642,Apolipoprotein B aliquot,0,Manual,The aliquout used for the Apolipoprotein B assay.,Blood biochemistry processing,491745
30643,Apolipoprotein B correction level,0,None,The type of post-measurement correction applied to the Apolipoprotein B assay result.,Blood biochemistry processing,484985
30644,Apolipoprotein B correction reason,0,Normal for assay type,The reason for applying a correction to the Apolipoprotein B assay result.,Blood biochemistry processing,484985
30645,Apolipoprotein B missing reason,1,No data returned,The reason that a Apolipoprotein B assay result is missing.,Blood biochemistry processing,26425
30646,Apolipoprotein B reportability,1,"Reportable at assay and after aliquot correction, if attempted",The reportability of aApolipoprotein B assay result. Absence of a value here means that a result has not been attempted.,Blood biochemistry processing,486195
30652,Aspartate aminotransferase aliquot,0,Manual,The aliquout used for the Aspartate aminotransferase assay.,Blood biochemistry processing,492041
30653,Aspartate aminotransferase correction level,0,None,The type of post-measurement correction applied to the Aspartate aminotransferase assay result.,Blood biochemistry processing,485589
30654,Aspartate aminotransferase correction reason,0,Normal for assay type,The reason for applying a correction to the Aspartate aminotransferase assay result.,Blood biochemistry processing,485589
30655,Aspartate aminotransferase missing reason,1,No data returned,The reason that a Aspartate aminotransferase assay result is missing.,Blood biochemistry processing,25821
30656,Aspartate aminotransferase reportability,1,"Reportable at assay and after aliquot correction, if attempted",The reportability of aAspartate aminotransferase assay result. Absence of a value here means that a result has not been attempted.,Blood biochemistry processing,485603
30662,Direct bilirubin aliquot,0,Manual,The aliquout used for the Direct bilirubin assay.,Blood biochemistry processing,491470
30663,Direct bilirubin correction level,0,None,The type of post-measurement correction applied to the Direct bilirubin assay result.,Blood biochemistry processing,413651
30664,Direct bilirubin correction reason,0,Normal for assay type,The reason for applying a correction to the Direct bilirubin assay result.,Blood biochemistry processing,413651
30665,Direct bilirubin missing reason,1,No data returned,The reason that a Direct bilirubin assay result is missing.,Blood biochemistry processing,97759
30666,Direct bilirubin reportability,1,"Reportable at assay and after aliquot correction, if attempted",The reportability of aDirect bilirubin assay result. Absence of a value here means that a result has not been attempted.,Blood biochemistry processing,485757
30672,Urea aliquot,0,Manual,The aliquout used for the Urea assay.,Blood biochemistry processing,491695
30673,Urea correction level,0,None,The type of post-measurement correction applied to the Urea assay result.,Blood biochemistry processing,487110
30674,Urea correction reason,0,Normal for assay type,The reason for applying a correction to the Urea assay result.,Blood biochemistry processing,487110
30675,Urea missing reason,1,No data returned,The reason that a Urea assay result is missing.,Blood biochemistry processing,24300
30676,Urea reportability,1,"Reportable at assay and after aliquot correction, if attempted",The reportability of aUrea assay result. Absence of a value here means that a result has not been attempted.,Blood biochemistry processing,487120
30682,Calcium aliquot,0,Manual,The aliquout used for the Calcium assay.,Blood biochemistry processing,491549
30683,Calcium correction level,0,None,The type of post-measurement correction applied to the Calcium assay result.,Blood biochemistry processing,445607
30684,Calcium correction reason,0,Normal for assay type,The reason for applying a correction to the Calcium assay result.,Blood biochemistry processing,445607
30685,Calcium missing reason,1,No data returned,The reason that a Calcium assay result is missing.,Blood biochemistry processing,65803
30686,Calcium reportability,1,"Reportable at assay and after aliquot correction, if attempted",The reportability of aCalcium assay result. Absence of a value here means that a result has not been attempted.,Blood biochemistry processing,445668
30692,Cholesterol aliquot,0,Manual,The aliquout used for the Cholesterol assay.,Blood biochemistry processing,491976
30693,Cholesterol correction level,0,None,The type of post-measurement correction applied to the Cholesterol assay result.,Blood biochemistry processing,487454
30694,Cholesterol correction reason,0,Normal for assay type,The reason for applying a correction to the Cholesterol assay result.,Blood biochemistry processing,487454
30695,Cholesterol missing reason,1,No data returned,The reason that a Cholesterol assay result is missing.,Blood biochemistry processing,23956
30696,Cholesterol reportability,1,"Reportable at assay and after aliquot correction, if attempted",The reportability of aCholesterol assay result. Absence of a value here means that a result has not been attempted.,Blood biochemistry processing,487461
30702,Creatinine aliquot,0,Manual,The aliquout used for the Creatinine assay.,Blood biochemistry processing,491690
30703,Creatinine correction level,0,None,The type of post-measurement correction applied to the Creatinine assay result.,Blood biochemistry processing,487188
30704,Creatinine correction reason,0,Normal for assay type,The reason for applying a correction to the Creatinine assay result.,Blood biochemistry processing,487188
30705,Creatinine missing reason,1,No data returned,The reason that a Creatinine assay result is missing.,Blood biochemistry processing,24222
30706,Creatinine reportability,1,"Reportable at assay and after aliquot correction, if attempted",The reportability of aCreatinine assay result. Absence of a value here means that a result has not been attempted.,Blood biochemistry processing,487188
30712,C-reactive protein aliquot,0,Manual,The aliquout used for the C-reactive protein assay.,Blood biochemistry processing,491559
30713,C-reactive protein correction level,0,None,The type of post-measurement correction applied to the C-reactive protein assay result.,Blood biochemistry processing,486393
30714,C-reactive protein correction reason,0,Normal for assay type,The reason for applying a correction to the C-reactive protein assay result.,Blood biochemistry processing,486393
30715,C-reactive protein missing reason,1,No data returned,The reason that a C-reactive protein assay result is missing.,Blood biochemistry processing,25017
30716,C-reactive protein reportability,1,"Reportable at assay and after aliquot correction, if attempted",The reportability of aC-reactive protein assay result. Absence of a value here means that a result has not been attempted.,Blood biochemistry processing,486836
30722,Cystatin C aliquot,0,Manual,The aliquout used for the Cystatin C assay.,Blood biochemistry processing,491874
30723,Cystatin C correction level,0,None,The type of post-measurement correction applied to the Cystatin C assay result.,Blood biochemistry processing,487410
30724,Cystatin C correction reason,0,Normal for assay type,The reason for applying a correction to the Cystatin C assay result.,Blood biochemistry processing,487410
30725,Cystatin C missing reason,1,No data returned,The reason that a Cystatin C assay result is missing.,Blood biochemistry processing,24000
30726,Cystatin C reportability,1,"Reportable at assay and after aliquot correction, if attempted",The reportability of aCystatin C assay result. Absence of a value here means that a result has not been attempted.,Blood biochemistry processing,487425
30732,Gamma glutamyltransferase aliquot,0,Manual,The aliquout used for the Gamma glutamyltransferase assay.,Blood biochemistry processing,491864
30733,Gamma glutamyltransferase correction level,0,None,The type of post-measurement correction applied to the Gamma glutamyltransferase assay result.,Blood biochemistry processing,487193
30734,Gamma glutamyltransferase correction reason,0,Normal for assay type,The reason for applying a correction to the Gamma glutamyltransferase assay result.,Blood biochemistry processing,487193
30735,Gamma glutamyltransferase missing reason,1,No data returned,The reason that a Gamma glutamyltransferase assay result is missing.,Blood biochemistry processing,24217
30736,Gamma glutamyltransferase reportability,1,"Reportable at assay and after aliquot correction, if attempted",The reportability of aGamma glutamyltransferase assay result. Absence of a value here means that a result has not been attempted.,Blood biochemistry processing,487288
30742,Glucose aliquot,0,Manual,The aliquout used for the Glucose assay.,Blood biochemistry processing,491265
30743,Glucose correction level,0,None,The type of post-measurement correction applied to the Glucose assay result.,Blood biochemistry processing,445241
30744,Glucose correction reason,0,Normal for assay type,The reason for applying a correction to the Glucose assay result.,Blood biochemistry processing,445241
30745,Glucose missing reason,1,No data returned,The reason that a Glucose assay result is missing.,Blood biochemistry processing,66169
30746,Glucose reportability,1,"Reportable at assay and after aliquot correction, if attempted",The reportability of aGlucose assay result. Absence of a value here means that a result has not been attempted.,Blood biochemistry processing,445249
30753,Glycated haemoglobin (HbA1c) correction level,0,None,The type of post-measurement correction applied to the Glycated haemoglobin (HbA1c) assay result.,Blood biochemistry processing,480759
30754,Glycated haemoglobin (HbA1c) correction reason,0,Normal for assay type,The reason for applying a correction to the Glycated haemoglobin (HbA1c) assay result.,Blood biochemistry processing,480759
30755,Glycated haemoglobin (HbA1c) missing reason,1,No data returned,The reason that a Glycated haemoglobin (HbA1c) assay result is missing.,Blood biochemistry processing,30651
30756,Glycated haemoglobin (HbA1c) reportability,1,"Reportable at assay and after aliquot correction, if attempted",The reportability of aGlycated haemoglobin (HbA1c) assay result. Absence of a value here means that a result has not been attempted.,Blood biochemistry processing,480959
30762,HDL cholesterol aliquot,0,Manual,The aliquout used for the HDL cholesterol assay.,Blood biochemistry processing,491797
30763,HDL cholesterol correction level,0,None,The type of post-measurement correction applied to the HDL cholesterol assay result.,Blood biochemistry processing,445551
30764,HDL cholesterol correction reason,0,Normal for assay type,The reason for applying a correction to the HDL cholesterol assay result.,Blood biochemistry processing,445551
30765,HDL cholesterol missing reason,1,No data returned,The reason that a HDL cholesterol assay result is missing.,Blood biochemistry processing,65859
30766,HDL cholesterol reportability,1,"Reportable at assay and after aliquot correction, if attempted",The reportability of aHDL cholesterol assay result. Absence of a value here means that a result has not been attempted.,Blood biochemistry processing,445557
30772,IGF-1 aliquot,0,Manual,The aliquout used for the IGF-1 assay.,Blood biochemistry processing,489177
30773,IGF-1 correction level,0,None,The type of post-measurement correction applied to the IGF-1 assay result.,Blood biochemistry processing,484727
30774,IGF-1 correction reason,0,Normal for assay type,The reason for applying a correction to the IGF-1 assay result.,Blood biochemistry processing,484727
30775,IGF-1 missing reason,1,No data returned,The reason that a IGF-1 assay result is missing.,Blood biochemistry processing,26683
30776,IGF-1 reportability,1,"Reportable at assay and after aliquot correction, if attempted",The reportability of aIGF-1 assay result. Absence of a value here means that a result has not been attempted.,Blood biochemistry processing,484733
30782,LDL direct aliquot,0,Manual,The aliquout used for the LDL direct assay.,Blood biochemistry processing,491164
30783,LDL direct correction level,0,None,The type of post-measurement correction applied to the LDL direct assay result.,Blood biochemistry processing,486531
30784,LDL direct correction reason,0,Normal for assay type,The reason for applying a correction to the LDL direct assay result.,Blood biochemistry processing,486531
30785,LDL direct missing reason,1,No data returned,The reason that a LDL direct assay result is missing.,Blood biochemistry processing,24879
30786,LDL direct reportability,1,"Reportable at assay and after aliquot correction, if attempted",The reportability of aLDL direct assay result. Absence of a value here means that a result has not been attempted.,Blood biochemistry processing,486538
30792,Lipoprotein A aliquot,0,Manual,The aliquout used for the Lipoprotein A assay.,Blood biochemistry processing,476522
30793,Lipoprotein A correction level,0,None,The type of post-measurement correction applied to the Lipoprotein A assay result.,Blood biochemistry processing,389853
30794,Lipoprotein A correction reason,0,Normal for assay type,The reason for applying a correction to the Lipoprotein A assay result.,Blood biochemistry processing,389853
30795,Lipoprotein A missing reason,1,No data returned,The reason that a Lipoprotein A assay result is missing.,Blood biochemistry processing,121557
30796,Lipoprotein A reportability,1,"Reportable at assay and after aliquot correction, if attempted",The reportability of aLipoprotein A assay result. Absence of a value here means that a result has not been attempted.,Blood biochemistry processing,472399
30802,Oestradiol aliquot,0,Manual,The aliquout used for the Oestradiol assay.,Blood biochemistry processing,457386
30803,Oestradiol correction level,0,None,The type of post-measurement correction applied to the Oestradiol assay result.,Blood biochemistry processing,78534
30804,Oestradiol correction reason,0,Normal for assay type,The reason for applying a correction to the Oestradiol assay result.,Blood biochemistry processing,78534
30805,Oestradiol missing reason,1,No data returned,The reason that a Oestradiol assay result is missing.,Blood biochemistry processing,432876
30806,Oestradiol reportability,1,"Reportable at assay and after aliquot correction, if attempted",The reportability of aOestradiol assay result. Absence of a value here means that a result has not been attempted.,Blood biochemistry processing,454239
30812,Phosphate aliquot,0,Manual,The aliquout used for the Phosphate assay.,Blood biochemistry processing,491000
30813,Phosphate correction level,0,None,The type of post-measurement correction applied to the Phosphate assay result.,Blood biochemistry processing,444889
30814,Phosphate correction reason,0,Normal for assay type,The reason for applying a correction to the Phosphate assay result.,Blood biochemistry processing,444889
30815,Phosphate missing reason,1,No data returned,The reason that a Phosphate assay result is missing.,Blood biochemistry processing,66521
30816,Phosphate reportability,1,"Reportable at assay and after aliquot correction, if attempted",The reportability of aPhosphate assay result. Absence of a value here means that a result has not been attempted.,Blood biochemistry processing,444901
30822,Rheumatoid factor aliquot,0,Manual,The aliquout used for the Rheumatoid factor assay.,Blood biochemistry processing,491156
30823,Rheumatoid factor correction level,0,None,The type of post-measurement correction applied to the Rheumatoid factor assay result.,Blood biochemistry processing,42997
30824,Rheumatoid factor correction reason,0,Normal for assay type,The reason for applying a correction to the Rheumatoid factor assay result.,Blood biochemistry processing,42997
30825,Rheumatoid factor missing reason,1,No data returned,The reason that a Rheumatoid factor assay result is missing.,Blood biochemistry processing,468413
30826,Rheumatoid factor reportability,1,"Reportable at assay and after aliquot correction, if attempted",The reportability of aRheumatoid factor assay result. Absence of a value here means that a result has not been attempted.,Blood biochemistry processing,487485
30832,SHBG aliquot,0,Manual,The aliquout used for the SHBG assay.,Blood biochemistry processing,487051
30833,SHBG correction level,0,None,The type of post-measurement correction applied to the SHBG assay result.,Blood biochemistry processing,441293
30834,SHBG correction reason,0,Normal for assay type,The reason for applying a correction to the SHBG assay result.,Blood biochemistry processing,441293
30835,SHBG missing reason,1,No data returned,The reason that a SHBG assay result is missing.,Blood biochemistry processing,70117
30836,SHBG reportability,1,"Reportable at assay and after aliquot correction, if attempted",The reportability of aSHBG assay result. Absence of a value here means that a result has not been attempted.,Blood biochemistry processing,442048
30842,Total bilirubin aliquot,0,Manual,The aliquout used for the Total bilirubin assay.,Blood biochemistry processing,491635
30843,Total bilirubin correction level,0,None,The type of post-measurement correction applied to the Total bilirubin assay result.,Blood biochemistry processing,485323
30844,Total bilirubin correction reason,0,Normal for assay type,The reason for applying a correction to the Total bilirubin assay result.,Blood biochemistry processing,485323
30845,Total bilirubin missing reason,1,No data returned,The reason that a Total bilirubin assay result is missing.,Blood biochemistry processing,26087
30846,Total bilirubin reportability,1,"Reportable at assay and after aliquot correction, if attempted",The reportability of aTotal bilirubin assay result. Absence of a value here means that a result has not been attempted.,Blood biochemistry processing,485341
30852,Testosterone aliquot,0,Manual,The aliquout used for the Testosterone assay.,Blood biochemistry processing,487190
30853,Testosterone correction level,0,None,The type of post-measurement correction applied to the Testosterone assay result.,Blood biochemistry processing,441237
30854,Testosterone correction reason,0,Normal for assay type,The reason for applying a correction to the Testosterone assay result.,Blood biochemistry processing,441237
30855,Testosterone missing reason,1,No data returned,The reason that a Testosterone assay result is missing.,Blood biochemistry processing,70173
30856,Testosterone reportability,1,"Reportable at assay and after aliquot correction, if attempted",The reportability of aTestosterone assay result. Absence of a value here means that a result has not been attempted.,Blood biochemistry processing,483237
30862,Total protein aliquot,0,Manual,The aliquout used for the Total protein assay.,Blood biochemistry processing,491475
30863,Total protein correction level,0,None,The type of post-measurement correction applied to the Total protein assay result.,Blood biochemistry processing,445277
30864,Total protein correction reason,0,Normal for assay type,The reason for applying a correction to the Total protein assay result.,Blood biochemistry processing,445277
30865,Total protein missing reason,1,No data returned,The reason that a Total protein assay result is missing.,Blood biochemistry processing,66133
30866,Total protein reportability,1,"Reportable at assay and after aliquot correction, if attempted",The reportability of aTotal protein assay result. Absence of a value here means that a result has not been attempted.,Blood biochemistry processing,445294
30872,Triglycerides aliquot,0,Manual,The aliquout used for the Triglycerides assay.,Blood biochemistry processing,491655
30873,Triglycerides correction level,0,None,The type of post-measurement correction applied to the Triglycerides assay result.,Blood biochemistry processing,487046
30874,Triglycerides correction reason,0,Normal for assay type,The reason for applying a correction to the Triglycerides assay result.,Blood biochemistry processing,487046
30875,Triglycerides missing reason,1,No data returned,The reason that a Triglycerides assay result is missing.,Blood biochemistry processing,24364
30876,Triglycerides reportability,1,"Reportable at assay and after aliquot correction, if attempted",The reportability of aTriglycerides assay result. Absence of a value here means that a result has not been attempted.,Blood biochemistry processing,487188
30882,Urate aliquot,0,Manual,The aliquout used for the Urate assay.,Blood biochemistry processing,491469
30883,Urate correction level,0,None,The type of post-measurement correction applied to the Urate assay result.,Blood biochemistry processing,486842
30884,Urate correction reason,0,Normal for assay type,The reason for applying a correction to the Urate assay result.,Blood biochemistry processing,486842
30885,Urate missing reason,1,No data returned,The reason that a Urate assay result is missing.,Blood biochemistry processing,24568
30886,Urate reportability,1,"Reportable at assay and after aliquot correction, if attempted",The reportability of aUrate assay result. Absence of a value here means that a result has not been attempted.,Blood biochemistry processing,486977
30892,Vitamin D aliquot,0,Manual,The aliquout used for the Vitamin D assay.,Blood biochemistry processing,491690
30893,Vitamin D correction level,0,None,The type of post-measurement correction applied to the Vitamin D assay result.,Blood biochemistry processing,465377
30894,Vitamin D correction reason,0,Normal for assay type,The reason for applying a correction to the Vitamin D assay result.,Blood biochemistry processing,465377
30895,Vitamin D missing reason,1,No data returned,The reason that a Vitamin D assay result is missing.,Blood biochemistry processing,46033
30896,Vitamin D reportability,1,"Reportable at assay and after aliquot correction, if attempted",The reportability of aVitamin D assay result. Absence of a value here means that a result has not been attempted.,Blood biochemistry processing,468034
40001,Underlying (primary) cause of death: ICD10,Chapter I,Chapter I Certain infectious and parasitic diseases,Underlying/primary cause of death reported for participant. Note that this may not match the text value in ~F40010~ due to transcription errors at source. <p>Acquired from central registry.,Death register,30253
40002,Contributory (secondary) causes of death: ICD10,Chapter I,Chapter I Certain infectious and parasitic diseases,"Contributory/secondary causes of death reported for participant. There may be zero, one or many.<p>Acquired from central registry.",Death register,42995
40006,Type of cancer: ICD10,Chapter I,Chapter I Certain infectious and parasitic diseases,"The ICD-10 code for the type of cancer.<p>Acquired from central registry.<p>The ICD-10 tree displayed on this page includes all cancer records for each UK Biobank participant (for which there may be multiple ICD codes). For more information on the first diagnosed cancer in each participant, please refer to ~L100092~.",Cancer register,103466
40011,Histology of cancer tumour,1,(8000-8009) Not otherwise specified,This is a numeric code relating to the histology of the tumour, provided by the cancer registry,Cancer register,113834
40012,Behaviour of cancer tumour,0,Benign,This is a numeric code relating to the behaviour of the tumour, provided by the cancer registry,Cancer register,114009
40013,Type of cancer: ICD9,Chapter I,Chapter I Infectious and parasitic diseases (001-139),The ICD9 code for the type of cancer.<p>Acquired from central registry.,Cancer register,15241
40018,Death record format,1,IC Death Format (2011 and earlier),Indicates the format of the data in which the original death record was supplied to UK Biobank.,Death register,30263
40019,Cancer record format,3,NHS Information Centre Cancer Registry 2012 onwards,Indicates the format of the data in which the original cancer record was supplied to UK Biobank.,Cancer register,118822
40020,Death record origin,E/W,Originating from England/Wales,Indicates the origin of the data in which the original death record was supplied to UK Biobank.,Death register,30263
40021,Cancer record origin,E/W,Originating from England/Wales,Indicates the origin of the data in which the original cancer record was supplied to UK Biobank.,Cancer register,118822
40022,Inpatient record origin,E/W,Originating from England/Wales,"Indicates the origin of the data in which the original hospital inpatient record was supplied to UK Biobank. <p>This field corresponds to the field DSOURCE on the HESIN table, see the Inpatient Data Dictionary (~R141140~) in ~L2000~ for information about the HESIN table. <p>In order to conduct detailed analyses of this data using the source information, researchers will need to gain access to the HESIN table by adding ~F41259~ to their basket.",Summary Administration,418029
41200,Operative procedures - main OPCS4,Chapter A,Chapter A - Nervous System,"This field is a summary of the main operation and procedure codes a participant has had recorded across all their hospital inpatient records. Operative procedures are coded according to the Office of Population Censuses and Surveys Classification of Interventions and Procedures, version 4 (OPCS-4). <p>The corresponding date when each main procedure was first recorded in the inpatient data can be found in ~F41260~.",Summary Operations,1655743
41201,External causes - ICD10,Chapter I,Chapter I Certain infectious and parasitic diseases,"This field is a summary of the distinct external cause codes a participant has had recorded across all their episodes in hospital. An external cause is an environmental event causing injury, poisoning or other type of adverse effect. External causes are coded according to the International Classification of Diseases version-10 (ICD-10). <p>In the record-level hospital inpatient data the external cause codes appear in the DIAG_ICD10 field of the HESIN_DIAG table with LEVEL=3. <p>In order to conduct detailed analyses of the data using the source information, researchers will need to gain access to the HESIN_DIAG and HESIN tables by adding ~F41234~ and ~F41259~ to their basket.",Summary Diagnoses,102826
41202,Diagnoses - main ICD10,Chapter I,Chapter I Certain infectious and parasitic diseases,This field is a summary of the distinct primary/main diagnosis codes a participant has had recorded across all their hospital inpatient records. Diagnoses are coded according to the International Classification of Diseases version-10 (ICD-10). <p>The corresponding date each diagnosis code was first recorded in the inpatient data as the primary/main diagnosis can be found in data-field ~F41262~.,Summary Diagnoses,1726162
41203,Diagnoses - main ICD9,Chapter I,Chapter I Infectious and parasitic diseases (001-139),This field is a summary of the distinct primary/main diagnosis codes a participant has had recorded across all their hospital inpatient records. Diagnoses are coded according to the International Classification of Diseases version-9 (ICD-9). <p> The corresponding date each primary/main diagnosis code was first recorded in each participant's hospital inpatient records is given in ~F41263~. <p>Please note ICD-9 coded hospital inpatient data are only available for older Scottish hospital records.,Summary Diagnoses,42827
41204,Diagnoses - secondary ICD10,Chapter I,Chapter I Certain infectious and parasitic diseases,"This field is a summary of the distinct secondary diagnoses codes a participant has had recorded across all their hospital inpatient records. Diagnoses are coded according to the International Classification of Diseases version-10 (ICD-10). There is no corresponding field available giving the first date that each code appeared in a secondary position. <p>If you are interested in ICD-10 diagnoses recorded as either a primary or secondary diagnosis, please see ~F41270~, and its corresponding date ~F41280~. <p>In order to conduct detailed analyses of the data using the source information, researchers will need to gain access to the HESIN_DIAG and HESIN tables by adding ~F41234~ and ~F41259~ to their basket.",Summary Diagnoses,2511077
41205,Diagnoses - secondary ICD9,Chapter I,Chapter I Infectious and parasitic diseases (001-139),"This field is a summary of the distinct secondary diagnoses codes a participant has had recorded across all their hospital inpatient records. Diagnoses are coded according to the International Classification of Diseases version-9 (ICD-9). There is no corresponding field giving the first date that each code appeared in a secondary position. <p>If you are interested in ICD-9 diagnoses recorded as either a primary or secondary diagnosis, please see ~F41271~, and its corresponding date ~F41281~. <p>In order to conduct detailed analyses of the data using the source information, researchers will need to gain access to the HESIN_DIAG and HESIN tables by adding ~F41234~ and ~F41259~ to their basket. <p>Please note ICD-9 coded hospital inpatient data are only available for older Scottish hospital records.",Summary Diagnoses,17289
41210,Operative procedures - secondary OPCS4,Chapter A,Chapter A - Nervous System,"This field is a summary of the secondary operation and procedure codes a participant has had recorded in their hospital inpatient records. Operative procedures are coded according to the Office of Population Censuses and Surveys Classification of Interventions and Procedures, version 4 (OPCS-4). <p>This field has no corresponding date field. If you are interested in operation and procedure codes (OPCS-4) recorded as either a main or secondary procedure please see ~F41272~, and its corresponding date ~F41282~. <p>In order to conduct detailed analyses of the data using the source information, researchers will need to gain access to the HESIN_OPER and HESIN tables by adding ~F41149~ and ~F41259~ to their basket.",Summary Operations,2041096
41231,Hospital episode type,1,General episode,"This field is a summary of the distinct episode type codes a participant has had recorded in their hospital inpatient records. Hospital episode type identifies whether the period of care in hospital was a general episode or a psychiatric episode, for example. This field is only present in English inpatient data. <p>This field corresponds to the field EPITYPE on the HESIN table, see the Inpatient Data Dictionary (~R141140~) in ~L2000~ for information about the HESIN table. <p>In order to conduct detailed analyses of this data using the source information, researchers will need to gain access to the HESIN table by adding ~F41259~ to their basket.",Summary Administration,379172
41232,Administrative and legal statuses,10,NHS patient: not formally detained,"This field is a summary of the distinct administrative and legal status codes a participant has had recorded in their hospital inpatient records. Administrative and legal status identifies whether a patient has been formally detained under the Mental Health Act or not. This information is not present in HES records dated after 2001. <p>This field corresponds to the field CATEGORY on the HESIN table, see the Inpatient Data Dictionary (~R141140~) in ~L2000~ for information about the HESIN table. <p>In order to conduct detailed analyses of this data using the source information, researchers will need to gain access to the HESIN table by adding ~F41259~ to their basket.",Summary Administration,153110
41256,Operative procedures - main OPCS3,Chapter I,Chapter I - Nervous system (001-050),"This field is a summary of the main operation and procedure codes a participant has had recorded across all their hospital inpatient records. Operative procedures are coded according to the Office of Population Censuses and Surveys Classification of Interventions and Procedures, version 3 (OPCS-3). <p>The corresponding date when each procedure was first recorded in the inpatient data can be found in ~F41257~. <p>Please note OPCS-3 coded hospital inpatient data are only available for older Scottish hospital records.",Summary Operations,15453
41258,Operative procedures - secondary OPCS3,Chapter I,Chapter I - Nervous system (001-050),"This field is a summary of the secondary operation and procedure codes a participant has had recorded in their hospital inpatient records. Operative procedures are coded according to the Office of Population Censuses and Surveys Classification of Interventions and Procedures, version 3 (OPCS-3). <p>This field has no corresponding date field. If you are interested in operation and procedure codes (OPCS-3) recorded as either a main or secondary procedure please see ~F41273~, and its corresponding date ~F41283~. <p>In order to conduct detailed analyses of the data using the source information, researchers will need to gain access to the HESIN_OPER and HESIN tables by adding ~F41149~ and ~F41259~ to their basket. <p>Please note OPCS-3 coded hospital inpatient data are only available for older Scottish hospital records.",Summary Operations,3355
41270,Diagnoses - ICD10,Chapter I,Chapter I Certain infectious and parasitic diseases,This field is a summary of the distinct diagnosis codes a participant has had recorded across all their hospital inpatient records in either the primary or secondary position. Diagnoses are coded according to the International Classification of Disease version 10 (ICD-10). <p> The corresponding date each diagnosis was first recorded across all their episodes in hospital is given in ~F41280~.,Summary Diagnoses,4131218
41271,Diagnoses - ICD9,Chapter I,Chapter I Infectious and parasitic diseases (001-139),This field is a summary of the distinct diagnosis codes a participant has had recorded across all their hospital inpatient records in either the primary or secondary position. Diagnoses are coded according to the International Classification of Disease version 9 (ICD-9). <p>The corresponding date each diagnosis was first recorded in each participant's hospital inpatient records is given in ~F41281~. <p>Please note ICD-9 coded hospital inpatient data are only available for older Scottish hospital records.,Summary Diagnoses,58698
41272,Operative procedures - OPCS4,Chapter A,Chapter A - Nervous System,"This field is a summary of the operation and procedure codes a participant has had recorded across all their hospital inpatient records in either the main or secondary position. Operative procedures are coded according to the Office of Population Censuses and Surveys Classification of Interventions and Procedures, version 4 (OPCS-4). <p>The corresponding date when each procedure was first recorded in the inpatient data can be found in ~F41282~.",Summary Operations,3639993
41273,Operative procedures - OPCS3,Chapter I,Chapter I - Nervous system (001-050),"This field is a summary of the operation and procedure codes a participant has had recorded across all their hospital inpatient records in either the main or secondary position. Operative procedures are coded according to the Office of Population Censuses and Surveys Classification of Interventions and Procedures, version 3 (OPCS-3). <p>The corresponding date when each procedure was first recorded in the inpatient data can be found in ~F41283~. <p>Please note OPCS-3 coded hospital inpatient data are only available for older Scottish hospital records.",Summary Operations,18581
